conjunto,versao,intervencao,campo,tipo,magnitude_maxima,linhas,mudancas,taxa_mudanca,ordens_abertas,ordens_canceladas,delta_proba_medio,delta_proba_maximo
teste,v1,temperatura_-0.4,temperatura_c,ruido_sensor,0.4000000000000057,4200,127,0.030238095238095238,0,127,0.02375213792063492,0.3684786333333332
teste,v1,temperatura_+0.4,temperatura_c,ruido_sensor,0.4000000000000057,4200,104,0.024761904761904763,104,0,0.019667693242063494,0.27157849999999983
teste,v1,permutacao,temp_media_6h,feature_isolada,,4200,780,0.18571428571428572,73,707,0.12175664176984129,0.5472209833333336
teste,v1,permutacao,temp_max_24h,feature_isolada,,4200,395,0.09404761904761905,45,350,0.06939950642460317,0.4673854499999996
teste,v1,permutacao,delta_temp_24h,feature_isolada,,4200,20,0.004761904761904762,1,19,0.010052186781746028,0.24586870000000002
teste,v1,permutacao,vib_media_6h,feature_isolada,,4200,24,0.005714285714285714,9,15,0.016578399095238092,0.11723006666666669
teste,v1,permutacao,vib_max_24h,feature_isolada,,4200,792,0.18857142857142858,76,716,0.12333251778571429,0.6256422333333334
teste,v1,permutacao,corrente_media_6h,feature_isolada,,4200,189,0.045,18,171,0.04878001491666666,0.31462590000000035
teste,v1,permutacao,pressao,feature_isolada,,4200,23,0.0054761904761904765,9,14,0.010292350964285714,0.1428417666666667
teste,v1,permutacao,rpm,feature_isolada,,4200,28,0.006666666666666667,8,20,0.01622049551984127,0.1470524666666666
teste,v1,permutacao,idade_equipamento_meses,feature_isolada,,4200,96,0.022857142857142857,43,53,0.04046952231349206,0.32033861666666674
teste,v1,permutacao,horas_operacao,feature_isolada,,4200,245,0.058333333333333334,80,165,0.062243520321428575,0.5560016333333333
teste,v1,permutacao,maquina_risco,feature_isolada,,4200,317,0.07547619047619047,141,176,0.06627940778174603,0.6468110833333329
teste,v1,permutacao,operador_senior,feature_isolada,,4200,109,0.025952380952380952,64,45,0.03921435330555553,0.3682669999999998
teste,v1,permutacao,turno,feature_isolada,,4200,2,0.0004761904761904762,0,2,0.0008068418571428575,0.0262101666666667
teste,v1,OP-01_para_OP-07,id_operador,contrafactual,,4200,351,0.08357142857142857,351,0,0.104084222797619,0.3808012166666664
teste,v1,1_para_3,turno,contrafactual,,4200,6,0.0014285714285714286,4,2,0.0017447829365079379,0.0262101666666667
teste,v2,temperatura_-0.4,temperatura_c,ruido_sensor,0.4000000000000057,4200,152,0.03619047619047619,30,122,0.02365323807738095,0.30609149999999974
teste,v2,temperatura_+0.4,temperatura_c,ruido_sensor,0.4000000000000057,4200,155,0.036904761904761905,133,22,0.022185332776785707,0.29359865
teste,v2,permutacao,temp_media_6h,feature_isolada,,4200,573,0.13642857142857143,44,529,0.09754704186607142,0.5935302125000002
teste,v2,permutacao,temp_max_24h,feature_isolada,,4200,415,0.0988095238095238,32,383,0.06193803321428572,0.4053464
teste,v2,permutacao,delta_temp_24h,feature_isolada,,4200,29,0.006904761904761905,14,15,0.00647734595535714,0.18091873749999993
teste,v2,permutacao,vib_media_6h,feature_isolada,,4200,49,0.011666666666666667,26,23,0.015362427446428573,0.18683887500000002
teste,v2,permutacao,vib_max_24h,feature_isolada,,4200,404,0.09619047619047619,36,368,0.06988231994642857,0.45020194999999996
teste,v2,permutacao,corrente_media_6h,feature_isolada,,4200,193,0.04595238095238095,26,167,0.044852569443452374,0.2924956249999999
teste,v2,permutacao,pressao,feature_isolada,,4200,94,0.02238095238095238,42,52,0.014016085657738094,0.23000995000000024
teste,v2,permutacao,rpm,feature_isolada,,4200,64,0.015238095238095238,18,46,0.013772808247023812,0.19405804999999995
teste,v2,permutacao,idade_equipamento_meses,feature_isolada,,4200,183,0.04357142857142857,44,139,0.041926425577380945,0.3266986624999999
teste,v2,permutacao,horas_operacao,feature_isolada,,4200,265,0.0630952380952381,53,212,0.05683678851785714,0.4181698250000002
teste,v2,permutacao,maquina_risco,feature_isolada,,4200,293,0.06976190476190476,66,227,0.051900208872023804,0.5767139125
teste,v2,permutacao,operador_senior,feature_isolada,,4200,207,0.04928571428571429,78,129,0.03854719315476191,0.40314751249999997
teste,v2,permutacao,turno,feature_isolada,,4200,8,0.0019047619047619048,2,6,0.001313617633928572,0.03151217500000003
teste,v2,OP-01_para_OP-07,id_operador,contrafactual,,4200,462,0.11,462,0,0.09446589127380951,0.40314751249999997
teste,v2,1_para_3,turno,contrafactual,,4200,17,0.004047619047619047,3,14,0.002520333416666668,0.03151217500000003
producao,v1,temperatura_-0.4,temperatura_c,ruido_sensor,0.4000000000000057,4200,46,0.010952380952380953,2,44,0.012637374678571428,0.2645178333333331
producao,v1,temperatura_+0.4,temperatura_c,ruido_sensor,0.4000000000000057,4200,56,0.013333333333333334,55,1,0.011454220361111109,0.2795157166666664
producao,v1,permutacao,temp_media_6h,feature_isolada,,4200,757,0.18023809523809523,91,666,0.126014720515873,0.5473417833333333
producao,v1,permutacao,temp_max_24h,feature_isolada,,4200,113,0.026904761904761904,8,105,0.03844447955555554,0.4346031333333335
producao,v1,permutacao,delta_temp_24h,feature_isolada,,4200,46,0.010952380952380953,20,26,0.019263593226190482,0.20679161666666673
producao,v1,permutacao,vib_media_6h,feature_isolada,,4200,15,0.0035714285714285713,10,5,0.013639508765873016,0.12656906666666667
producao,v1,permutacao,vib_max_24h,feature_isolada,,4200,626,0.14904761904761904,44,582,0.10439799936111109,0.6065478166666667
producao,v1,permutacao,corrente_media_6h,feature_isolada,,4200,123,0.029285714285714286,13,110,0.048539394464285714,0.30219438333333315
producao,v1,permutacao,pressao,feature_isolada,,4200,16,0.0038095238095238095,9,7,0.010059107797619045,0.0879794333333333
producao,v1,permutacao,rpm,feature_isolada,,4200,32,0.007619047619047619,7,25,0.0192738546547619,0.16078615000000002
producao,v1,permutacao,idade_equipamento_meses,feature_isolada,,4200,56,0.013333333333333334,22,34,0.029590082472222216,0.23336136666666663
producao,v1,permutacao,horas_operacao,feature_isolada,,4200,92,0.021904761904761906,39,53,0.040653932365079366,0.4601546666666664
producao,v1,permutacao,maquina_risco,feature_isolada,,4200,111,0.02642857142857143,25,86,0.04211349666269842,0.5508706333333333
producao,v1,permutacao,operador_senior,feature_isolada,,4200,78,0.018571428571428572,35,43,0.03263236158730157,0.29656848333333313
producao,v1,permutacao,turno,feature_isolada,,4200,2,0.0004761904761904762,1,1,0.0014774057380952366,0.026208416666666706
producao,v1,OP-01_para_OP-07,id_operador,contrafactual,,4200,195,0.04642857142857143,195,0,0.08859311605555549,0.3283934
producao,v1,1_para_3,turno,contrafactual,,4200,4,0.0009523809523809524,3,1,0.003148750539682537,0.026208416666666706
producao,v2,temperatura_-0.4,temperatura_c,ruido_sensor,0.4000000000000057,4200,75,0.017857142857142856,7,68,0.013597489776785715,0.28483998749999995
producao,v2,temperatura_+0.4,temperatura_c,ruido_sensor,0.4000000000000057,4200,50,0.011904761904761904,49,1,0.013811162785714287,0.2602999999999999
producao,v2,permutacao,temp_media_6h,feature_isolada,,4200,572,0.1361904761904762,58,514,0.09441183096428571,0.5743365999999999
producao,v2,permutacao,temp_max_24h,feature_isolada,,4200,237,0.056428571428571425,6,231,0.04438338047023809,0.3730383125
producao,v2,permutacao,delta_temp_24h,feature_isolada,,4200,32,0.007619047619047619,12,20,0.00952746776785714,0.17061364999999984
producao,v2,permutacao,vib_media_6h,feature_isolada,,4200,36,0.008571428571428572,20,16,0.014889743854166668,0.1727704375000001
producao,v2,permutacao,vib_max_24h,feature_isolada,,4200,353,0.08404761904761905,25,328,0.05734393593452381,0.3968387874999999
producao,v2,permutacao,corrente_media_6h,feature_isolada,,4200,180,0.04285714285714286,10,170,0.04721912602678571,0.29652726249999994
producao,v2,permutacao,pressao,feature_isolada,,4200,48,0.011428571428571429,16,32,0.009192546648809521,0.1508136874999999
producao,v2,permutacao,rpm,feature_isolada,,4200,57,0.013571428571428571,11,46,0.017731542663690477,0.20822372499999997
producao,v2,permutacao,idade_equipamento_meses,feature_isolada,,4200,114,0.027142857142857142,25,89,0.03101692651488095,0.32755750000000006
producao,v2,permutacao,horas_operacao,feature_isolada,,4200,201,0.047857142857142855,55,146,0.04062274180059523,0.3773118624999999
producao,v2,permutacao,maquina_risco,feature_isolada,,4200,167,0.03976190476190476,36,131,0.03519187715773809,0.5212433499999997
producao,v2,permutacao,operador_senior,feature_isolada,,4200,109,0.025952380952380952,40,69,0.029233066258928568,0.37813526249999985
producao,v2,permutacao,turno,feature_isolada,,4200,9,0.002142857142857143,2,7,0.001085998976190476,0.023731424999999917
producao,v2,OP-01_para_OP-07,id_operador,contrafactual,,4200,289,0.0688095238095238,288,1,0.07698857952678571,0.3973660124999999
producao,v2,1_para_3,turno,contrafactual,,4200,15,0.0035714285714285713,4,11,0.002284786791666665,0.03243497499999992
