conjunto,versao,intervencao,id_maquina,timestamp,probabilidade_original,probabilidade_alterada
teste,v1,temperatura_-0.4,M20,2026-06-01 00:00:00,0.5218627666666668,0.4922599166666667
teste,v1,temperatura_-0.4,M11,2026-06-01 08:00:00,0.5634888166666667,0.46604881666666664
teste,v1,temperatura_-0.4,M23,2026-06-01 08:00:00,0.5406827499999998,0.4086847333333333
teste,v1,temperatura_-0.4,M11,2026-06-01 09:00:00,0.5303008833333333,0.45292125
teste,v1,temperatura_-0.4,M11,2026-06-01 10:00:00,0.5667862333333334,0.44610935
teste,v1,temperatura_-0.4,M03,2026-06-01 23:00:00,0.5477090333333334,0.47220550000000006
teste,v1,temperatura_-0.4,M25,2026-06-02 02:00:00,0.54587285,0.45674556666666655
teste,v1,temperatura_-0.4,M03,2026-06-02 03:00:00,0.5153698333333332,0.47288978333333326
teste,v1,temperatura_-0.4,M03,2026-06-02 04:00:00,0.5179705833333333,0.46550281666666654
teste,v1,temperatura_-0.4,M25,2026-06-02 05:00:00,0.5402740333333333,0.4483831833333333
teste,v1,temperatura_-0.4,M25,2026-06-02 06:00:00,0.6579623833333332,0.47352403333333337
teste,v1,temperatura_-0.4,M25,2026-06-02 07:00:00,0.6548341666666667,0.3828385833333333
teste,v1,temperatura_-0.4,M03,2026-06-02 08:00:00,0.5532483499999999,0.4989086833333332
teste,v1,temperatura_-0.4,M25,2026-06-02 08:00:00,0.6276627333333332,0.3596126666666667
teste,v1,temperatura_-0.4,M11,2026-06-02 10:00:00,0.5354257833333332,0.47101588333333333
teste,v1,temperatura_-0.4,M23,2026-06-02 10:00:00,0.5283773833333334,0.49365
teste,v1,temperatura_-0.4,M25,2026-06-02 10:00:00,0.6371619,0.39291581666666675
teste,v1,temperatura_-0.4,M25,2026-06-02 11:00:00,0.67493235,0.46751425
teste,v1,temperatura_-0.4,M08,2026-06-02 12:00:00,0.5494354000000001,0.4348987833333332
teste,v1,temperatura_-0.4,M25,2026-06-02 12:00:00,0.6685451666666665,0.4441730666666668
teste,v1,temperatura_-0.4,M08,2026-06-02 14:00:00,0.5663183833333335,0.45279054999999985
teste,v1,temperatura_-0.4,M25,2026-06-02 14:00:00,0.6776894666666664,0.4589873833333334
teste,v1,temperatura_-0.4,M08,2026-06-02 15:00:00,0.5011092166666667,0.3812146166666666
teste,v1,temperatura_-0.4,M25,2026-06-02 15:00:00,0.6665424999999999,0.46643916666666674
teste,v1,temperatura_-0.4,M08,2026-06-02 16:00:00,0.5069469166666666,0.34455029999999987
teste,v1,temperatura_-0.4,M23,2026-06-02 16:00:00,0.5490705166666667,0.4878149666666666
teste,v1,temperatura_-0.4,M25,2026-06-02 16:00:00,0.6177111666666666,0.31309526666666676
teste,v1,temperatura_-0.4,M03,2026-06-02 17:00:00,0.5353174333333333,0.28374228333333334
teste,v1,temperatura_-0.4,M23,2026-06-02 17:00:00,0.5235077833333333,0.4779737166666666
teste,v1,temperatura_-0.4,M25,2026-06-02 17:00:00,0.7520701999999999,0.4495434499999999
teste,v1,temperatura_-0.4,M25,2026-06-02 18:00:00,0.6140027666666665,0.3317262
teste,v1,temperatura_-0.4,M25,2026-06-02 20:00:00,0.5675022,0.28242411666666667
teste,v1,temperatura_-0.4,M03,2026-06-02 21:00:00,0.5460123166666667,0.34979068333333324
teste,v1,temperatura_-0.4,M25,2026-06-02 21:00:00,0.7658807499999998,0.49076923333333333
teste,v1,temperatura_-0.4,M03,2026-06-02 22:00:00,0.6250956333333332,0.4947691
teste,v1,temperatura_-0.4,M10,2026-06-02 22:00:00,0.5308964333333333,0.4408987166666665
teste,v1,temperatura_-0.4,M25,2026-06-02 22:00:00,0.6413410833333333,0.3609179833333334
teste,v1,temperatura_-0.4,M10,2026-06-02 23:00:00,0.5127461833333332,0.422329
teste,v1,temperatura_-0.4,M03,2026-06-03 00:00:00,0.5357909000000001,0.33271164999999997
teste,v1,temperatura_-0.4,M10,2026-06-03 00:00:00,0.5156739833333333,0.4252568
teste,v1,temperatura_-0.4,M03,2026-06-03 01:00:00,0.6012420499999999,0.4885711333333334
teste,v1,temperatura_-0.4,M10,2026-06-03 01:00:00,0.5369727666666666,0.4419245833333333
teste,v1,temperatura_-0.4,M03,2026-06-03 02:00:00,0.5225655,0.37156218333333335
teste,v1,temperatura_-0.4,M25,2026-06-03 02:00:00,0.6042525166666665,0.3544932333333334
teste,v1,temperatura_-0.4,M03,2026-06-03 03:00:00,0.5654288833333333,0.3880961833333334
teste,v1,temperatura_-0.4,M25,2026-06-03 03:00:00,0.6025723333333333,0.27764938333333333
teste,v1,temperatura_-0.4,M03,2026-06-03 04:00:00,0.5420790166666668,0.3002753833333333
teste,v1,temperatura_-0.4,M25,2026-06-03 04:00:00,0.6384127166666665,0.4345298
teste,v1,temperatura_-0.4,M03,2026-06-03 07:00:00,0.5633263999999999,0.4362830666666667
teste,v1,temperatura_-0.4,M03,2026-06-03 09:00:00,0.5867425999999999,0.49202568333333346
teste,v1,temperatura_-0.4,M10,2026-06-03 09:00:00,0.51691425,0.48022390000000004
teste,v1,temperatura_-0.4,M10,2026-06-03 11:00:00,0.5816761999999999,0.49786340000000007
teste,v1,temperatura_-0.4,M10,2026-06-03 12:00:00,0.5710936999999998,0.49417068333333325
teste,v1,temperatura_-0.4,M10,2026-06-03 17:00:00,0.5118844666666666,0.44814938333333326
teste,v1,temperatura_-0.4,M10,2026-06-04 02:00:00,0.5309550333333334,0.4959359
teste,v1,temperatura_-0.4,M10,2026-06-04 03:00:00,0.5391222,0.4911114833333334
teste,v1,temperatura_-0.4,M10,2026-06-04 11:00:00,0.5476700666666667,0.48500380000000004
teste,v1,temperatura_-0.4,M19,2026-06-04 13:00:00,0.6379240333333331,0.3580631166666666
teste,v1,temperatura_-0.4,M19,2026-06-04 18:00:00,0.7260187333333331,0.3823953333333332
teste,v1,temperatura_-0.4,M17,2026-06-04 19:00:00,0.5196420500000001,0.4379750666666667
teste,v1,temperatura_-0.4,M17,2026-06-04 22:00:00,0.5325314166666667,0.38271173333333325
teste,v1,temperatura_-0.4,M17,2026-06-05 14:00:00,0.5297241500000001,0.46047078333333336
teste,v1,temperatura_-0.4,M10,2026-06-05 18:00:00,0.5483755166666666,0.4733175166666667
teste,v1,temperatura_-0.4,M17,2026-06-05 18:00:00,0.6029680666666669,0.44470226666666657
teste,v1,temperatura_-0.4,M21,2026-06-05 18:00:00,0.6418562833333332,0.41667916666666666
teste,v1,temperatura_-0.4,M10,2026-06-05 19:00:00,0.5885789,0.4927852166666667
teste,v1,temperatura_-0.4,M17,2026-06-05 19:00:00,0.5349004166666665,0.4681202666666666
teste,v1,temperatura_-0.4,M10,2026-06-05 20:00:00,0.5463981499999999,0.46504175
teste,v1,temperatura_-0.4,M17,2026-06-05 20:00:00,0.5121796333333333,0.4751851333333333
teste,v1,temperatura_-0.4,M17,2026-06-05 21:00:00,0.5432954,0.49969505
teste,v1,temperatura_-0.4,M17,2026-06-05 23:00:00,0.5144526166666666,0.45976731666666665
teste,v1,temperatura_-0.4,M21,2026-06-05 23:00:00,0.5163609333333335,0.43088955
teste,v1,temperatura_-0.4,M21,2026-06-06 00:00:00,0.6451305666666666,0.4312350833333333
teste,v1,temperatura_-0.4,M17,2026-06-06 03:00:00,0.6209043666666668,0.4399511166666666
teste,v1,temperatura_-0.4,M17,2026-06-06 04:00:00,0.6325901000000002,0.4454113833333332
teste,v1,temperatura_-0.4,M21,2026-06-06 04:00:00,0.6666348333333332,0.49885383333333333
teste,v1,temperatura_-0.4,M17,2026-06-06 05:00:00,0.5850222333333334,0.4528471499999999
teste,v1,temperatura_-0.4,M21,2026-06-06 06:00:00,0.6515334166666664,0.48054328333333335
teste,v1,temperatura_-0.4,M21,2026-06-06 07:00:00,0.5061671333333334,0.4030472833333333
teste,v1,temperatura_-0.4,M21,2026-06-06 08:00:00,0.5051969666666668,0.4117583166666667
teste,v1,temperatura_-0.4,M08,2026-06-06 10:00:00,0.5189610333333333,0.4833421333333334
teste,v1,temperatura_-0.4,M21,2026-06-06 10:00:00,0.6834552499999997,0.4738020333333333
teste,v1,temperatura_-0.4,M19,2026-06-06 11:00:00,0.7112820833333332,0.38383081666666663
teste,v1,temperatura_-0.4,M21,2026-06-06 11:00:00,0.5247641666666667,0.3662581000000001
teste,v1,temperatura_-0.4,M21,2026-06-06 12:00:00,0.7377129999999998,0.43755383333333336
teste,v1,temperatura_-0.4,M02,2026-06-06 13:00:00,0.6433358499999999,0.37182038333333345
teste,v1,temperatura_-0.4,M17,2026-06-06 13:00:00,0.5933779166666667,0.4934636499999999
teste,v1,temperatura_-0.4,M21,2026-06-06 13:00:00,0.738903,0.4180804666666667
teste,v1,temperatura_-0.4,M02,2026-06-06 14:00:00,0.59361385,0.33686323333333346
teste,v1,temperatura_-0.4,M17,2026-06-06 14:00:00,0.55798265,0.43146633333333323
teste,v1,temperatura_-0.4,M21,2026-06-06 14:00:00,0.7351839499999999,0.41523621666666666
teste,v1,temperatura_-0.4,M17,2026-06-06 15:00:00,0.6308962833333333,0.4712073833333332
teste,v1,temperatura_-0.4,M19,2026-06-06 15:00:00,0.7322918499999997,0.36381321666666655
teste,v1,temperatura_-0.4,M21,2026-06-06 15:00:00,0.5442878666666666,0.3734565833333333
teste,v1,temperatura_-0.4,M02,2026-06-06 16:00:00,0.5981474333333332,0.3476207833333333
teste,v1,temperatura_-0.4,M17,2026-06-06 16:00:00,0.604883366666667,0.38058444999999985
teste,v1,temperatura_-0.4,M21,2026-06-06 17:00:00,0.7363692333333332,0.44946378333333326
teste,v1,temperatura_-0.4,M17,2026-06-06 18:00:00,0.6128497000000003,0.49856929999999994
teste,v1,temperatura_-0.4,M21,2026-06-06 18:00:00,0.7609547666666664,0.46536346666666667
teste,v1,temperatura_-0.4,M19,2026-06-06 19:00:00,0.5216783333333332,0.47242458333333326
teste,v1,temperatura_-0.4,M21,2026-06-06 19:00:00,0.7699714166666664,0.4671541833333333
teste,v1,temperatura_-0.4,M19,2026-06-06 20:00:00,0.5124968166666665,0.42048703333333326
teste,v1,temperatura_-0.4,M21,2026-06-06 20:00:00,0.7798105833333331,0.45946631666666665
teste,v1,temperatura_-0.4,M06,2026-06-06 22:00:00,0.5336781666666667,0.42965411666666664
teste,v1,temperatura_-0.4,M02,2026-06-06 23:00:00,0.5164737500000001,0.3825227333333334
teste,v1,temperatura_-0.4,M02,2026-06-07 00:00:00,0.5243487833333336,0.37867498333333344
teste,v1,temperatura_-0.4,M02,2026-06-07 01:00:00,0.5118842666666669,0.36239151666666675
teste,v1,temperatura_-0.4,M02,2026-06-07 02:00:00,0.5199296000000001,0.3704368500000001
teste,v1,temperatura_-0.4,M02,2026-06-07 05:00:00,0.5321399333333335,0.37079833333333345
teste,v1,temperatura_-0.4,M05,2026-06-07 05:00:00,0.6284133333333332,0.4602498166666666
teste,v1,temperatura_-0.4,M15,2026-06-07 07:00:00,0.5472148499999998,0.4518425333333334
teste,v1,temperatura_-0.4,M02,2026-06-07 08:00:00,0.5051734500000002,0.3548352333333334
teste,v1,temperatura_-0.4,M05,2026-06-07 08:00:00,0.6347012166666667,0.4536368166666666
teste,v1,temperatura_-0.4,M15,2026-06-07 08:00:00,0.5567590833333331,0.4423125666666667
teste,v1,temperatura_-0.4,M02,2026-06-07 09:00:00,0.5955106000000001,0.38559943333333346
teste,v1,temperatura_-0.4,M02,2026-06-07 10:00:00,0.5798803,0.3809805000000001
teste,v1,temperatura_-0.4,M05,2026-06-07 12:00:00,0.6575583999999998,0.48291913333333325
teste,v1,temperatura_-0.4,M19,2026-06-07 13:00:00,0.5608818166666666,0.46965061666666663
teste,v1,temperatura_-0.4,M05,2026-06-07 14:00:00,0.680643333333333,0.47527178333333336
teste,v1,temperatura_-0.4,M19,2026-06-07 14:00:00,0.5928603999999996,0.4562216666666666
teste,v1,temperatura_-0.4,M13,2026-06-07 15:00:00,0.5487078166666668,0.46224265000000003
teste,v1,temperatura_-0.4,M02,2026-06-07 16:00:00,0.6050956666666667,0.4987906833333336
teste,v1,temperatura_-0.4,M19,2026-06-07 17:00:00,0.5165657666666666,0.49793268333333324
teste,v1,temperatura_-0.4,M02,2026-06-07 22:00:00,0.5880587999999999,0.3585740333333334
teste,v1,temperatura_-0.4,M17,2026-06-07 22:00:00,0.6246148666666668,0.4885543833333332
teste,v1,temperatura_-0.4,M02,2026-06-07 23:00:00,0.5585345500000002,0.4560181000000002
teste,v1,temperatura_-0.4,M17,2026-06-07 23:00:00,0.6112671500000001,0.46165486666666666
teste,v1,temperatura_+0.4,M24,2026-06-01 01:00:00,0.47409413333333333,0.5184196666666666
teste,v1,temperatura_+0.4,M01,2026-06-01 02:00:00,0.4736483333333331,0.6152365166666668
teste,v1,temperatura_+0.4,M06,2026-06-01 07:00:00,0.43878671666666663,0.5101684
teste,v1,temperatura_+0.4,M06,2026-06-01 08:00:00,0.48657943333333337,0.5500251666666666
teste,v1,temperatura_+0.4,M06,2026-06-01 09:00:00,0.47755339999999996,0.5373664166666665
teste,v1,temperatura_+0.4,M07,2026-06-01 09:00:00,0.4145857333333334,0.5235000500000001
teste,v1,temperatura_+0.4,M03,2026-06-01 12:00:00,0.45497558333333343,0.5376030666666668
teste,v1,temperatura_+0.4,M10,2026-06-01 12:00:00,0.43702135,0.5217754333333332
teste,v1,temperatura_+0.4,M18,2026-06-01 12:00:00,0.4719905666666666,0.5046466
teste,v1,temperatura_+0.4,M10,2026-06-01 13:00:00,0.4609030333333333,0.5494971166666666
teste,v1,temperatura_+0.4,M10,2026-06-01 14:00:00,0.4137740833333332,0.5334372999999998
teste,v1,temperatura_+0.4,M03,2026-06-01 16:00:00,0.4757326499999999,0.57736055
teste,v1,temperatura_+0.4,M23,2026-06-01 19:00:00,0.49048301666666666,0.5064047166666666
teste,v1,temperatura_+0.4,M08,2026-06-01 20:00:00,0.4357156833333333,0.51491955
teste,v1,temperatura_+0.4,M23,2026-06-01 20:00:00,0.4525725833333334,0.5037246166666667
teste,v1,temperatura_+0.4,M23,2026-06-01 21:00:00,0.4652435666666667,0.5031579666666667
teste,v1,temperatura_+0.4,M08,2026-06-02 00:00:00,0.42135753333333326,0.5147887833333333
teste,v1,temperatura_+0.4,M25,2026-06-02 01:00:00,0.44958519999999985,0.5331054666666666
teste,v1,temperatura_+0.4,M08,2026-06-02 03:00:00,0.4100295333333333,0.5176843
teste,v1,temperatura_+0.4,M10,2026-06-02 03:00:00,0.4470076333333334,0.5163617666666667
teste,v1,temperatura_+0.4,M08,2026-06-02 04:00:00,0.3900060999999999,0.5163460166666666
teste,v1,temperatura_+0.4,M08,2026-06-02 05:00:00,0.47110389999999996,0.5555876500000001
teste,v1,temperatura_+0.4,M10,2026-06-02 05:00:00,0.46422709999999995,0.5442476666666667
teste,v1,temperatura_+0.4,M08,2026-06-02 06:00:00,0.4145736666666666,0.5110807333333333
teste,v1,temperatura_+0.4,M10,2026-06-02 06:00:00,0.48313731666666665,0.5697923166666665
teste,v1,temperatura_+0.4,M10,2026-06-02 07:00:00,0.47367354999999994,0.5738103999999998
teste,v1,temperatura_+0.4,M10,2026-06-02 08:00:00,0.4498401333333332,0.5210032833333333
teste,v1,temperatura_+0.4,M08,2026-06-02 09:00:00,0.4610213166666667,0.5224024166666666
teste,v1,temperatura_+0.4,M23,2026-06-02 09:00:00,0.44707365,0.5035202333333333
teste,v1,temperatura_+0.4,M03,2026-06-02 14:00:00,0.4279737833333334,0.6493921333333331
teste,v1,temperatura_+0.4,M03,2026-06-02 15:00:00,0.4175056666666667,0.5855170833333331
teste,v1,temperatura_+0.4,M03,2026-06-02 16:00:00,0.4951326000000001,0.6323298499999999
teste,v1,temperatura_+0.4,M10,2026-06-02 16:00:00,0.4554945166666666,0.51206445
teste,v1,temperatura_+0.4,M08,2026-06-02 17:00:00,0.49282549999999986,0.5710829833333335
teste,v1,temperatura_+0.4,M23,2026-06-02 18:00:00,0.49584785,0.5666664666666669
teste,v1,temperatura_+0.4,M03,2026-06-02 19:00:00,0.40381485,0.6322266333333332
teste,v1,temperatura_+0.4,M10,2026-06-02 19:00:00,0.4644475,0.5532349166666666
teste,v1,temperatura_+0.4,M23,2026-06-02 19:00:00,0.49740395,0.5786398833333334
teste,v1,temperatura_+0.4,M25,2026-06-02 19:00:00,0.4967640333333333,0.6440328666666667
teste,v1,temperatura_+0.4,M10,2026-06-02 20:00:00,0.46746168333333327,0.5528761833333333
teste,v1,temperatura_+0.4,M10,2026-06-02 21:00:00,0.47539894999999993,0.5372216333333332
teste,v1,temperatura_+0.4,M03,2026-06-02 23:00:00,0.4313207333333333,0.6582284499999999
teste,v1,temperatura_+0.4,M10,2026-06-03 03:00:00,0.48398976666666665,0.5649045833333333
teste,v1,temperatura_+0.4,M10,2026-06-03 04:00:00,0.4466036166666666,0.5055584166666666
teste,v1,temperatura_+0.4,M10,2026-06-03 06:00:00,0.45105991666666667,0.5112328333333334
teste,v1,temperatura_+0.4,M10,2026-06-03 07:00:00,0.4789565666666666,0.5659889999999999
teste,v1,temperatura_+0.4,M10,2026-06-03 08:00:00,0.49137298333333324,0.5707198999999998
teste,v1,temperatura_+0.4,M23,2026-06-03 12:00:00,0.4987584833333333,0.5209281166666667
teste,v1,temperatura_+0.4,M19,2026-06-04 02:00:00,0.2824255166666667,0.5245740166666666
teste,v1,temperatura_+0.4,M17,2026-06-04 20:00:00,0.4565146,0.6056062166666669
teste,v1,temperatura_+0.4,M17,2026-06-04 21:00:00,0.43539015,0.601370816666667
teste,v1,temperatura_+0.4,M17,2026-06-04 23:00:00,0.39852458333333335,0.52992255
teste,v1,temperatura_+0.4,M17,2026-06-05 02:00:00,0.4113544499999999,0.5066404833333332
teste,v1,temperatura_+0.4,M17,2026-06-05 03:00:00,0.473817,0.5475197333333333
teste,v1,temperatura_+0.4,M17,2026-06-05 05:00:00,0.3866414,0.5041331
teste,v1,temperatura_+0.4,M12,2026-06-05 06:00:00,0.4560849166666666,0.5108923666666666
teste,v1,temperatura_+0.4,M19,2026-06-05 07:00:00,0.44046715000000003,0.6520346499999998
teste,v1,temperatura_+0.4,M17,2026-06-05 08:00:00,0.43987974999999996,0.5161409166666666
teste,v1,temperatura_+0.4,M19,2026-06-05 08:00:00,0.4751488833333334,0.686879883333333
teste,v1,temperatura_+0.4,M17,2026-06-05 11:00:00,0.49916085,0.5046825333333333
teste,v1,temperatura_+0.4,M21,2026-06-05 12:00:00,0.3184761,0.5724206499999999
teste,v1,temperatura_+0.4,M19,2026-06-05 14:00:00,0.4416263,0.6537798833333334
teste,v1,temperatura_+0.4,M05,2026-06-05 15:00:00,0.3859879333333333,0.5613519999999997
teste,v1,temperatura_+0.4,M21,2026-06-05 19:00:00,0.49274346666666674,0.5667340833333333
teste,v1,temperatura_+0.4,M21,2026-06-05 20:00:00,0.46789926666666676,0.5408478500000001
teste,v1,temperatura_+0.4,M21,2026-06-05 21:00:00,0.44618804999999995,0.5463521333333333
teste,v1,temperatura_+0.4,M21,2026-06-05 22:00:00,0.43332683333333333,0.5155060166666668
teste,v1,temperatura_+0.4,M19,2026-06-06 01:00:00,0.42750124999999994,0.6505929833333332
teste,v1,temperatura_+0.4,M21,2026-06-06 01:00:00,0.49192605,0.5778891166666665
teste,v1,temperatura_+0.4,M21,2026-06-06 02:00:00,0.45079934999999993,0.5403881
teste,v1,temperatura_+0.4,M21,2026-06-06 03:00:00,0.4968965833333334,0.5611702000000001
teste,v1,temperatura_+0.4,M21,2026-06-06 05:00:00,0.46992031666666667,0.5649454333333334
teste,v1,temperatura_+0.4,M21,2026-06-06 09:00:00,0.4959350166666668,0.5388774333333334
teste,v1,temperatura_+0.4,M02,2026-06-06 10:00:00,0.44808388333333327,0.6068994833333331
teste,v1,temperatura_+0.4,M02,2026-06-06 11:00:00,0.40617856666666674,0.6006749499999998
teste,v1,temperatura_+0.4,M02,2026-06-06 12:00:00,0.4416349333333335,0.5980333833333333
teste,v1,temperatura_+0.4,M21,2026-06-06 16:00:00,0.49563463333333335,0.5434176666666666
teste,v1,temperatura_+0.4,M02,2026-06-06 18:00:00,0.39182016666666664,0.5680653166666666
teste,v1,temperatura_+0.4,M19,2026-06-06 18:00:00,0.3982182333333333,0.5094338333333333
teste,v1,temperatura_+0.4,M02,2026-06-06 19:00:00,0.39476703333333324,0.54582895
teste,v1,temperatura_+0.4,M02,2026-06-06 20:00:00,0.4029721166666667,0.5430252666666668
teste,v1,temperatura_+0.4,M02,2026-06-06 21:00:00,0.47166539999999996,0.5981795833333333
teste,v1,temperatura_+0.4,M19,2026-06-06 21:00:00,0.4414592999999999,0.5357124999999997
teste,v1,temperatura_+0.4,M02,2026-06-06 22:00:00,0.36889966666666674,0.5951510166666666
teste,v1,temperatura_+0.4,M05,2026-06-06 23:00:00,0.4340742999999999,0.6596761333333332
teste,v1,temperatura_+0.4,M05,2026-06-07 00:00:00,0.4565129333333332,0.6717527499999998
teste,v1,temperatura_+0.4,M19,2026-06-07 02:00:00,0.44060563333333325,0.5363777333333332
teste,v1,temperatura_+0.4,M02,2026-06-07 03:00:00,0.3505507666666668,0.5302609500000002
teste,v1,temperatura_+0.4,M19,2026-06-07 03:00:00,0.4398755999999999,0.595131483333333
teste,v1,temperatura_+0.4,M19,2026-06-07 04:00:00,0.45715364999999986,0.5551539499999998
teste,v1,temperatura_+0.4,M13,2026-06-07 05:00:00,0.4203209333333334,0.5160829333333333
teste,v1,temperatura_+0.4,M02,2026-06-07 06:00:00,0.4536472500000001,0.60328295
teste,v1,temperatura_+0.4,M02,2026-06-07 07:00:00,0.4766398333333335,0.5658718333333336
teste,v1,temperatura_+0.4,M19,2026-06-07 08:00:00,0.43195469999999997,0.5423547166666666
teste,v1,temperatura_+0.4,M19,2026-06-07 10:00:00,0.4859536666666665,0.5255574499999999
teste,v1,temperatura_+0.4,M02,2026-06-07 11:00:00,0.35828685000000005,0.5207265666666668
teste,v1,temperatura_+0.4,M19,2026-06-07 11:00:00,0.4680611833333332,0.5778641166666663
teste,v1,temperatura_+0.4,M19,2026-06-07 12:00:00,0.46865069999999986,0.5743879999999998
teste,v1,temperatura_+0.4,M02,2026-06-07 14:00:00,0.39681561666666687,0.5333809500000002
teste,v1,temperatura_+0.4,M13,2026-06-07 14:00:00,0.4865935333333335,0.5054093166666668
teste,v1,temperatura_+0.4,M19,2026-06-07 16:00:00,0.49595999999999985,0.6364456499999999
teste,v1,temperatura_+0.4,M19,2026-06-07 20:00:00,0.47157386666666656,0.5138893833333332
teste,v1,temperatura_+0.4,M19,2026-06-07 22:00:00,0.49978479999999986,0.6050984833333332
teste,v1,temperatura_+0.4,M19,2026-06-07 23:00:00,0.4594551999999998,0.5651924999999999
teste,v2,temperatura_-0.4,M20,2026-06-01 02:00:00,0.5132461875000001,0.45290782499999993
teste,v2,temperatura_-0.4,M20,2026-06-01 03:00:00,0.556506075,0.49951215000000015
teste,v2,temperatura_-0.4,M11,2026-06-01 04:00:00,0.532042975,0.44290415000000005
teste,v2,temperatura_-0.4,M11,2026-06-01 05:00:00,0.5506914875000002,0.47831743750000016
teste,v2,temperatura_-0.4,M01,2026-06-01 06:00:00,0.5790960875,0.4774622625
teste,v2,temperatura_-0.4,M11,2026-06-01 07:00:00,0.5269900750000001,0.44823345000000014
teste,v2,temperatura_-0.4,M01,2026-06-01 08:00:00,0.5668786624999999,0.48619905
teste,v2,temperatura_-0.4,M12,2026-06-01 08:00:00,0.4744120249999999,0.5067297875
teste,v2,temperatura_-0.4,M20,2026-06-01 08:00:00,0.51585555,0.48328495000000016
teste,v2,temperatura_-0.4,M24,2026-06-01 08:00:00,0.541735375,0.4037736625000001
teste,v2,temperatura_-0.4,M01,2026-06-01 09:00:00,0.5596911624999998,0.4857914375
teste,v2,temperatura_-0.4,M12,2026-06-01 09:00:00,0.53066225,0.48543008750000005
teste,v2,temperatura_-0.4,M01,2026-06-01 10:00:00,0.6681954125,0.4026138250000001
teste,v2,temperatura_-0.4,M01,2026-06-01 11:00:00,0.7653727874999998,0.47516315000000003
teste,v2,temperatura_-0.4,M24,2026-06-01 11:00:00,0.6326852249999997,0.48303713749999994
teste,v2,temperatura_-0.4,M01,2026-06-01 12:00:00,0.6565013749999997,0.3794042875
teste,v2,temperatura_-0.4,M11,2026-06-01 13:00:00,0.5112336500000001,0.4147233875000002
teste,v2,temperatura_-0.4,M11,2026-06-01 14:00:00,0.5423881875000001,0.43253446250000005
teste,v2,temperatura_-0.4,M12,2026-06-01 14:00:00,0.5602468375,0.48768316250000004
teste,v2,temperatura_-0.4,M11,2026-06-01 15:00:00,0.5732904125000001,0.45693988750000003
teste,v2,temperatura_-0.4,M12,2026-06-01 15:00:00,0.5115267875,0.46836700000000003
teste,v2,temperatura_-0.4,M16,2026-06-01 15:00:00,0.48607109999999987,0.5547323374999997
teste,v2,temperatura_-0.4,M18,2026-06-01 15:00:00,0.511034,0.35952023750000006
teste,v2,temperatura_-0.4,M12,2026-06-01 16:00:00,0.50198115,0.4907631499999999
teste,v2,temperatura_-0.4,M16,2026-06-01 16:00:00,0.4879496499999999,0.563201725
teste,v2,temperatura_-0.4,M18,2026-06-01 16:00:00,0.5715763625,0.4122674
teste,v2,temperatura_-0.4,M11,2026-06-01 17:00:00,0.5686013375,0.4451636375
teste,v2,temperatura_-0.4,M18,2026-06-01 17:00:00,0.5405926624999997,0.39004156250000005
teste,v2,temperatura_-0.4,M20,2026-06-01 17:00:00,0.5002412125000001,0.47369057500000017
teste,v2,temperatura_-0.4,M16,2026-06-01 18:00:00,0.48946516249999983,0.5642101374999998
teste,v2,temperatura_-0.4,M18,2026-06-01 18:00:00,0.5791796250000001,0.4007342374999999
teste,v2,temperatura_-0.4,M20,2026-06-01 18:00:00,0.546498475,0.4956991500000001
teste,v2,temperatura_-0.4,M11,2026-06-01 19:00:00,0.5265014625,0.39109552500000005
teste,v2,temperatura_-0.4,M18,2026-06-01 19:00:00,0.6181163749999999,0.4114032874999999
teste,v2,temperatura_-0.4,M20,2026-06-01 19:00:00,0.54438095,0.48034363750000014
teste,v2,temperatura_-0.4,M11,2026-06-01 20:00:00,0.5251332000000001,0.4459987500000001
teste,v2,temperatura_-0.4,M18,2026-06-01 20:00:00,0.5462793749999998,0.39771390000000006
teste,v2,temperatura_-0.4,M12,2026-06-01 21:00:00,0.4883560875,0.51285135
teste,v2,temperatura_-0.4,M18,2026-06-01 21:00:00,0.5231154624999999,0.38139466250000004
teste,v2,temperatura_-0.4,M11,2026-06-01 22:00:00,0.5334214625,0.4331025250000001
teste,v2,temperatura_-0.4,M12,2026-06-01 22:00:00,0.5142944125000002,0.49730975000000005
teste,v2,temperatura_-0.4,M11,2026-06-01 23:00:00,0.5549337500000001,0.4793932249999999
teste,v2,temperatura_-0.4,M18,2026-06-01 23:00:00,0.5186403999999999,0.38236721250000005
teste,v2,temperatura_-0.4,M11,2026-06-02 00:00:00,0.5270506625000001,0.4839708625
teste,v2,temperatura_-0.4,M18,2026-06-02 00:00:00,0.531666675,0.37153561250000006
teste,v2,temperatura_-0.4,M18,2026-06-02 01:00:00,0.5061779,0.36232575000000006
teste,v2,temperatura_-0.4,M11,2026-06-02 02:00:00,0.5330159,0.47461487500000005
teste,v2,temperatura_-0.4,M12,2026-06-02 02:00:00,0.49092192500000015,0.5096810125000001
teste,v2,temperatura_-0.4,M16,2026-06-02 02:00:00,0.47540601249999986,0.5141146749999997
teste,v2,temperatura_-0.4,M18,2026-06-02 02:00:00,0.5429389499999999,0.4174162375
teste,v2,temperatura_-0.4,M11,2026-06-02 03:00:00,0.5172428125,0.4787161374999999
teste,v2,temperatura_-0.4,M12,2026-06-02 03:00:00,0.4915939000000001,0.5125081625000001
teste,v2,temperatura_-0.4,M12,2026-06-02 04:00:00,0.4968758499999999,0.5082819999999999
teste,v2,temperatura_-0.4,M20,2026-06-02 04:00:00,0.5097592999999998,0.48663286249999976
teste,v2,temperatura_-0.4,M18,2026-06-02 05:00:00,0.5260487874999997,0.36098426250000004
teste,v2,temperatura_-0.4,M18,2026-06-02 07:00:00,0.5168902249999998,0.36362225000000004
teste,v2,temperatura_-0.4,M16,2026-06-02 08:00:00,0.4981692875,0.5407512374999999
teste,v2,temperatura_-0.4,M18,2026-06-02 10:00:00,0.5509282749999997,0.37210421250000003
teste,v2,temperatura_-0.4,M11,2026-06-02 11:00:00,0.609486125,0.46033812499999993
teste,v2,temperatura_-0.4,M11,2026-06-02 12:00:00,0.6060907874999999,0.4653560499999999
teste,v2,temperatura_-0.4,M16,2026-06-02 12:00:00,0.470585525,0.544491475
teste,v2,temperatura_-0.4,M16,2026-06-02 14:00:00,0.47610888749999986,0.5613917499999997
teste,v2,temperatura_-0.4,M18,2026-06-02 15:00:00,0.5073941624999999,0.40211207499999996
teste,v2,temperatura_-0.4,M16,2026-06-02 18:00:00,0.4868210249999999,0.5217727249999999
teste,v2,temperatura_-0.4,M18,2026-06-02 19:00:00,0.6290807749999997,0.47958596249999996
teste,v2,temperatura_-0.4,M18,2026-06-02 20:00:00,0.5384136249999999,0.433662925
teste,v2,temperatura_-0.4,M16,2026-06-02 21:00:00,0.4682809999999999,0.5273662749999998
teste,v2,temperatura_-0.4,M18,2026-06-02 21:00:00,0.5611133875,0.4581101
teste,v2,temperatura_-0.4,M18,2026-06-02 22:00:00,0.5298960999999999,0.47936378749999997
teste,v2,temperatura_-0.4,M16,2026-06-03 00:00:00,0.4633150125,0.5000267999999999
teste,v2,temperatura_-0.4,M18,2026-06-03 00:00:00,0.5227831999999998,0.47937724999999975
teste,v2,temperatura_-0.4,M11,2026-06-03 06:00:00,0.5929245625000001,0.48513126249999994
teste,v2,temperatura_-0.4,M16,2026-06-03 06:00:00,0.4239699874999999,0.5215901374999999
teste,v2,temperatura_-0.4,M11,2026-06-03 08:00:00,0.6277832500000001,0.48785595
teste,v2,temperatura_-0.4,M11,2026-06-03 09:00:00,0.5874257125000001,0.4543444499999999
teste,v2,temperatura_-0.4,M25,2026-06-03 09:00:00,0.5571099624999999,0.46667798749999995
teste,v2,temperatura_-0.4,M16,2026-06-03 10:00:00,0.4517077125,0.5629472874999999
teste,v2,temperatura_-0.4,M03,2026-06-03 11:00:00,0.6503930749999999,0.42918905
teste,v2,temperatura_-0.4,M16,2026-06-03 11:00:00,0.422381475,0.525908075
teste,v2,temperatura_-0.4,M11,2026-06-03 13:00:00,0.62736175,0.4891354249999999
teste,v2,temperatura_-0.4,M16,2026-06-03 14:00:00,0.4895224624999999,0.5765008124999997
teste,v2,temperatura_-0.4,M11,2026-06-03 15:00:00,0.6111289750000001,0.47185157499999997
teste,v2,temperatura_-0.4,M25,2026-06-03 15:00:00,0.5051422625000002,0.3983663875
teste,v2,temperatura_-0.4,M11,2026-06-03 16:00:00,0.5997156749999999,0.45754407499999994
teste,v2,temperatura_-0.4,M11,2026-06-03 17:00:00,0.5877360375,0.46848675
teste,v2,temperatura_-0.4,M03,2026-06-03 18:00:00,0.6080643999999998,0.3552856750000001
teste,v2,temperatura_-0.4,M11,2026-06-03 19:00:00,0.5979480249999999,0.47094718749999986
teste,v2,temperatura_-0.4,M08,2026-06-03 20:00:00,0.5624415624999998,0.42005413750000004
teste,v2,temperatura_-0.4,M11,2026-06-03 20:00:00,0.5800800875000001,0.4894073874999999
teste,v2,temperatura_-0.4,M08,2026-06-03 21:00:00,0.5334732499999999,0.42156836250000007
teste,v2,temperatura_-0.4,M11,2026-06-03 21:00:00,0.5542211499999999,0.4708881999999999
teste,v2,temperatura_-0.4,M08,2026-06-03 22:00:00,0.5492351749999999,0.4168686625000001
teste,v2,temperatura_-0.4,M11,2026-06-03 22:00:00,0.6282190125,0.49849746249999993
teste,v2,temperatura_-0.4,M03,2026-06-03 23:00:00,0.49261462499999986,0.5078632874999999
teste,v2,temperatura_-0.4,M11,2026-06-04 00:00:00,0.6075061250000001,0.47672954999999995
teste,v2,temperatura_-0.4,M25,2026-06-04 02:00:00,0.5416914124999999,0.4026866625
teste,v2,temperatura_-0.4,M25,2026-06-04 03:00:00,0.5705936875,0.44913201249999996
teste,v2,temperatura_-0.4,M25,2026-06-04 04:00:00,0.5154655125,0.37960524999999995
teste,v2,temperatura_-0.4,M25,2026-06-04 05:00:00,0.5441646749999999,0.41462223750000005
teste,v2,temperatura_-0.4,M03,2026-06-04 06:00:00,0.5123346,0.4730897624999999
teste,v2,temperatura_-0.4,M03,2026-06-04 08:00:00,0.509560775,0.4947057374999999
teste,v2,temperatura_-0.4,M11,2026-06-04 08:00:00,0.6498745499999999,0.49524427499999996
teste,v2,temperatura_-0.4,M25,2026-06-04 12:00:00,0.5136774125000001,0.48482371250000017
teste,v2,temperatura_-0.4,M03,2026-06-04 13:00:00,0.5085375125,0.49680516249999995
teste,v2,temperatura_-0.4,M25,2026-06-04 17:00:00,0.5513450625,0.4876940875
teste,v2,temperatura_-0.4,M08,2026-06-04 18:00:00,0.5014924624999998,0.3692711625
teste,v2,temperatura_-0.4,M25,2026-06-04 18:00:00,0.5275147250000002,0.4629596375
teste,v2,temperatura_-0.4,M03,2026-06-04 19:00:00,0.49920941249999984,0.5061950999999999
teste,v2,temperatura_-0.4,M03,2026-06-04 21:00:00,0.4834244999999999,0.5052057249999998
teste,v2,temperatura_-0.4,M03,2026-06-04 22:00:00,0.49222078749999987,0.5002596749999998
teste,v2,temperatura_-0.4,M25,2026-06-04 23:00:00,0.50765605,0.43150062499999997
teste,v2,temperatura_-0.4,M03,2026-06-05 03:00:00,0.4668185249999999,0.5133210374999999
teste,v2,temperatura_-0.4,M08,2026-06-05 04:00:00,0.5285234624999999,0.39785765
teste,v2,temperatura_-0.4,M08,2026-06-05 05:00:00,0.572000625,0.36013924999999997
teste,v2,temperatura_-0.4,M08,2026-06-05 06:00:00,0.5376878374999998,0.4051055625
teste,v2,temperatura_-0.4,M08,2026-06-05 08:00:00,0.5500412124999999,0.375385075
teste,v2,temperatura_-0.4,M08,2026-06-05 09:00:00,0.5773280000000001,0.4251999500000001
teste,v2,temperatura_-0.4,M03,2026-06-05 12:00:00,0.52103035,0.4503902750000002
teste,v2,temperatura_-0.4,M03,2026-06-05 13:00:00,0.5020750249999999,0.44266115
teste,v2,temperatura_-0.4,M03,2026-06-05 14:00:00,0.5027434625,0.468333075
teste,v2,temperatura_-0.4,M08,2026-06-05 16:00:00,0.5333090999999999,0.4144418749999999
teste,v2,temperatura_-0.4,M17,2026-06-05 17:00:00,0.53290025,0.41667334999999994
teste,v2,temperatura_-0.4,M23,2026-06-05 18:00:00,0.5214516499999999,0.4602447125000001
teste,v2,temperatura_-0.4,M03,2026-06-05 19:00:00,0.5080137499999998,0.44791860000000006
teste,v2,temperatura_-0.4,M03,2026-06-05 22:00:00,0.5023198749999999,0.45464452499999997
teste,v2,temperatura_-0.4,M17,2026-06-05 22:00:00,0.5044676749999999,0.3861745125
teste,v2,temperatura_-0.4,M03,2026-06-05 23:00:00,0.5021989625,0.44451383750000006
teste,v2,temperatura_-0.4,M03,2026-06-06 00:00:00,0.520546675,0.4386014375000002
teste,v2,temperatura_-0.4,M03,2026-06-06 02:00:00,0.5129587000000001,0.45914136250000015
teste,v2,temperatura_-0.4,M17,2026-06-06 02:00:00,0.6055805874999999,0.3743260875
teste,v2,temperatura_-0.4,M17,2026-06-06 06:00:00,0.6350542124999999,0.40068698750000004
teste,v2,temperatura_-0.4,M17,2026-06-06 08:00:00,0.6420555249999997,0.44468949999999996
teste,v2,temperatura_-0.4,M03,2026-06-06 09:00:00,0.496422325,0.5067383624999999
teste,v2,temperatura_-0.4,M08,2026-06-06 09:00:00,0.5271714624999999,0.42629033750000006
teste,v2,temperatura_-0.4,M17,2026-06-06 11:00:00,0.5734435875,0.4744377624999999
teste,v2,temperatura_-0.4,M03,2026-06-06 14:00:00,0.5102563375,0.4964080624999999
teste,v2,temperatura_-0.4,M02,2026-06-06 15:00:00,0.5931493124999997,0.3473213625
teste,v2,temperatura_-0.4,M17,2026-06-06 15:00:00,0.5059096125,0.31238422500000007
teste,v2,temperatura_-0.4,M23,2026-06-06 15:00:00,0.499159925,0.5225515624999999
teste,v2,temperatura_-0.4,M02,2026-06-06 17:00:00,0.5340929875,0.3426733375
teste,v2,temperatura_-0.4,M17,2026-06-06 17:00:00,0.6029707624999998,0.4389853875
teste,v2,temperatura_-0.4,M25,2026-06-07 00:00:00,0.4861834125000001,0.5309810125000001
teste,v2,temperatura_-0.4,M10,2026-06-07 01:00:00,0.5005392500000001,0.4468380375000002
teste,v2,temperatura_-0.4,M21,2026-06-07 07:00:00,0.5073818874999997,0.4584612874999999
teste,v2,temperatura_-0.4,M17,2026-06-07 08:00:00,0.6023823625,0.49401818749999993
teste,v2,temperatura_-0.4,M03,2026-06-07 10:00:00,0.4873856624999999,0.5126632874999999
teste,v2,temperatura_-0.4,M02,2026-06-07 15:00:00,0.5492408375000001,0.424255025
teste,v2,temperatura_-0.4,M02,2026-06-07 19:00:00,0.6232268124999998,0.3443209374999999
teste,v2,temperatura_-0.4,M03,2026-06-07 19:00:00,0.49491197499999984,0.5149810375
teste,v2,temperatura_-0.4,M02,2026-06-07 21:00:00,0.6579408874999998,0.3638011249999999
teste,v2,temperatura_-0.4,M03,2026-06-07 21:00:00,0.49781636249999994,0.5006611249999999
teste,v2,temperatura_-0.4,M02,2026-06-07 23:00:00,0.5632055624999998,0.35452671250000006
teste,v2,temperatura_+0.4,M11,2026-06-01 01:00:00,0.4546408250000001,0.530359875
teste,v2,temperatura_+0.4,M24,2026-06-01 02:00:00,0.3975703875000001,0.6151276374999999
teste,v2,temperatura_+0.4,M01,2026-06-01 04:00:00,0.37585797500000007,0.5205968750000001
teste,v2,temperatura_+0.4,M01,2026-06-01 05:00:00,0.42256630000000006,0.5716119125000001
teste,v2,temperatura_+0.4,M12,2026-06-01 07:00:00,0.45803551249999985,0.5521970374999998
teste,v2,temperatura_+0.4,M16,2026-06-01 07:00:00,0.4805975749999999,0.5296553124999999
teste,v2,temperatura_+0.4,M11,2026-06-01 08:00:00,0.4805575125,0.5273807125000001
teste,v2,temperatura_+0.4,M12,2026-06-01 08:00:00,0.4744120249999999,0.5219239874999999
teste,v2,temperatura_+0.4,M11,2026-06-01 10:00:00,0.48432782500000016,0.5116550625000001
teste,v2,temperatura_+0.4,M12,2026-06-01 10:00:00,0.455988025,0.6250028249999998
teste,v2,temperatura_+0.4,M20,2026-06-01 10:00:00,0.47282648750000006,0.5025058750000001
teste,v2,temperatura_+0.4,M11,2026-06-01 11:00:00,0.4973685125,0.5324907875000001
teste,v2,temperatura_+0.4,M06,2026-06-01 12:00:00,0.481645825,0.7076464375
teste,v2,temperatura_+0.4,M11,2026-06-01 12:00:00,0.47203522500000006,0.5156969125
teste,v2,temperatura_+0.4,M06,2026-06-01 14:00:00,0.4621829875,0.71264245
teste,v2,temperatura_+0.4,M06,2026-06-01 15:00:00,0.44742908749999993,0.6777614250000003
teste,v2,temperatura_+0.4,M06,2026-06-01 16:00:00,0.37284268749999994,0.5846894375
teste,v2,temperatura_+0.4,M16,2026-06-01 17:00:00,0.5062168874999997,0.49160974999999973
teste,v2,temperatura_+0.4,M16,2026-06-01 18:00:00,0.48946516249999983,0.5079029749999998
teste,v2,temperatura_+0.4,M12,2026-06-01 19:00:00,0.4898576125000001,0.6863057249999998
teste,v2,temperatura_+0.4,M12,2026-06-01 21:00:00,0.4883560875,0.5762119250000001
teste,v2,temperatura_+0.4,M20,2026-06-01 21:00:00,0.49665177500000013,0.5210311125
teste,v2,temperatura_+0.4,M18,2026-06-01 22:00:00,0.489328125,0.5344695624999998
teste,v2,temperatura_+0.4,M12,2026-06-02 02:00:00,0.49092192500000015,0.5831118875000001
teste,v2,temperatura_+0.4,M20,2026-06-02 02:00:00,0.4756446874999999,0.5403367249999999
teste,v2,temperatura_+0.4,M12,2026-06-02 03:00:00,0.4915939000000001,0.5725072875
teste,v2,temperatura_+0.4,M18,2026-06-02 03:00:00,0.48079847499999995,0.5261127499999999
teste,v2,temperatura_+0.4,M11,2026-06-02 04:00:00,0.3763912124999999,0.5086540125
teste,v2,temperatura_+0.4,M12,2026-06-02 04:00:00,0.4968758499999999,0.6351317875
teste,v2,temperatura_+0.4,M18,2026-06-02 04:00:00,0.49861169999999994,0.5221268999999998
teste,v2,temperatura_+0.4,M20,2026-06-02 05:00:00,0.45494614999999977,0.5696999499999998
teste,v2,temperatura_+0.4,M16,2026-06-02 06:00:00,0.50350125,0.4868444875
teste,v2,temperatura_+0.4,M18,2026-06-02 06:00:00,0.46481457499999984,0.5098125749999998
teste,v2,temperatura_+0.4,M16,2026-06-02 08:00:00,0.4981692875,0.5140531875000001
teste,v2,temperatura_+0.4,M18,2026-06-02 08:00:00,0.493913975,0.5084136625
teste,v2,temperatura_+0.4,M04,2026-06-02 09:00:00,0.4615438625000001,0.5033031000000001
teste,v2,temperatura_+0.4,M18,2026-06-02 09:00:00,0.49281272499999984,0.5262508624999997
teste,v2,temperatura_+0.4,M20,2026-06-02 09:00:00,0.4030306125000001,0.553171825
teste,v2,temperatura_+0.4,M18,2026-06-02 11:00:00,0.4892295625,0.5031733499999999
teste,v2,temperatura_+0.4,M18,2026-06-02 12:00:00,0.49203586250000003,0.5136047999999999
teste,v2,temperatura_+0.4,M23,2026-06-02 14:00:00,0.478226525,0.5151890875
teste,v2,temperatura_+0.4,M18,2026-06-02 16:00:00,0.497540025,0.5108550124999999
teste,v2,temperatura_+0.4,M20,2026-06-02 18:00:00,0.40654186250000013,0.5705579249999999
teste,v2,temperatura_+0.4,M08,2026-06-02 20:00:00,0.3088427374999999,0.5050709625
teste,v2,temperatura_+0.4,M08,2026-06-02 21:00:00,0.3283966375,0.5861539375
teste,v2,temperatura_+0.4,M08,2026-06-02 22:00:00,0.3532426125,0.5915026624999999
teste,v2,temperatura_+0.4,M08,2026-06-03 00:00:00,0.32455409999999996,0.5207029124999999
teste,v2,temperatura_+0.4,M08,2026-06-03 01:00:00,0.3895083875,0.5157948374999999
teste,v2,temperatura_+0.4,M03,2026-06-03 05:00:00,0.4274824250000001,0.5737696749999999
teste,v2,temperatura_+0.4,M16,2026-06-03 05:00:00,0.5023235624999999,0.4942609625
teste,v2,temperatura_+0.4,M03,2026-06-03 06:00:00,0.4514784999999999,0.5743489124999998
teste,v2,temperatura_+0.4,M08,2026-06-03 07:00:00,0.38221345,0.527122475
teste,v2,temperatura_+0.4,M16,2026-06-03 08:00:00,0.5126931750000001,0.4995333875000002
teste,v2,temperatura_+0.4,M08,2026-06-03 09:00:00,0.3207603124999999,0.5034766874999999
teste,v2,temperatura_+0.4,M08,2026-06-03 11:00:00,0.40091430000000006,0.5830092374999999
teste,v2,temperatura_+0.4,M03,2026-06-03 12:00:00,0.46208241249999993,0.511580425
teste,v2,temperatura_+0.4,M25,2026-06-03 13:00:00,0.4634858249999999,0.5096593125
teste,v2,temperatura_+0.4,M03,2026-06-03 14:00:00,0.4811795374999998,0.5176110124999999
teste,v2,temperatura_+0.4,M08,2026-06-03 14:00:00,0.32676775,0.5099736000000001
teste,v2,temperatura_+0.4,M25,2026-06-03 16:00:00,0.4982068,0.5072364625
teste,v2,temperatura_+0.4,M25,2026-06-03 17:00:00,0.45932091249999996,0.533537775
teste,v2,temperatura_+0.4,M08,2026-06-03 18:00:00,0.3834093250000001,0.5199996750000001
teste,v2,temperatura_+0.4,M08,2026-06-03 19:00:00,0.4033879625000001,0.561882
teste,v2,temperatura_+0.4,M25,2026-06-03 22:00:00,0.4978475874999999,0.5085949999999999
teste,v2,temperatura_+0.4,M03,2026-06-03 23:00:00,0.49261462499999986,0.5034214374999998
teste,v2,temperatura_+0.4,M25,2026-06-04 00:00:00,0.45798342499999994,0.5013873999999997
teste,v2,temperatura_+0.4,M03,2026-06-04 02:00:00,0.4719076125,0.5038248624999999
teste,v2,temperatura_+0.4,M08,2026-06-04 03:00:00,0.39541266249999996,0.5194500124999999
teste,v2,temperatura_+0.4,M08,2026-06-04 05:00:00,0.46310751250000004,0.5645686750000001
teste,v2,temperatura_+0.4,M03,2026-06-04 06:00:00,0.5123346,0.4758195625
teste,v2,temperatura_+0.4,M25,2026-06-04 06:00:00,0.44088975,0.5178330874999999
teste,v2,temperatura_+0.4,M08,2026-06-04 07:00:00,0.4767076500000001,0.5716613875
teste,v2,temperatura_+0.4,M25,2026-06-04 07:00:00,0.44039332499999995,0.5350977749999999
teste,v2,temperatura_+0.4,M25,2026-06-04 08:00:00,0.48345279999999996,0.6007268625
teste,v2,temperatura_+0.4,M08,2026-06-04 09:00:00,0.4147492375,0.5021792249999999
teste,v2,temperatura_+0.4,M08,2026-06-04 10:00:00,0.43687095000000004,0.5239836125
teste,v2,temperatura_+0.4,M25,2026-06-04 10:00:00,0.46653156250000016,0.5482160625000001
teste,v2,temperatura_+0.4,M03,2026-06-04 11:00:00,0.501177875,0.48779198749999997
teste,v2,temperatura_+0.4,M08,2026-06-04 11:00:00,0.4732264,0.5534232625000001
teste,v2,temperatura_+0.4,M25,2026-06-04 11:00:00,0.4513124125000002,0.529419575
teste,v2,temperatura_+0.4,M03,2026-06-04 12:00:00,0.5232553625,0.4862483125
teste,v2,temperatura_+0.4,M03,2026-06-04 13:00:00,0.5085375125,0.4702891374999999
teste,v2,temperatura_+0.4,M03,2026-06-04 19:00:00,0.49920941249999984,0.5058507124999998
teste,v2,temperatura_+0.4,M25,2026-06-04 19:00:00,0.4589863875000001,0.573923625
teste,v2,temperatura_+0.4,M25,2026-06-04 20:00:00,0.46107306249999996,0.5950818124999999
teste,v2,temperatura_+0.4,M08,2026-06-04 21:00:00,0.48236908749999985,0.604825975
teste,v2,temperatura_+0.4,M25,2026-06-04 21:00:00,0.49121067500000015,0.5837217124999999
teste,v2,temperatura_+0.4,M25,2026-06-04 22:00:00,0.4726734625000001,0.58799375
teste,v2,temperatura_+0.4,M03,2026-06-05 01:00:00,0.524331875,0.4738049000000001
teste,v2,temperatura_+0.4,M08,2026-06-05 02:00:00,0.4917118874999999,0.6196679125000001
teste,v2,temperatura_+0.4,M03,2026-06-05 04:00:00,0.5204728,0.49042639999999976
teste,v2,temperatura_+0.4,M03,2026-06-05 06:00:00,0.5111724750000001,0.47544141250000005
teste,v2,temperatura_+0.4,M03,2026-06-05 09:00:00,0.49442014999999984,0.5141243875
teste,v2,temperatura_+0.4,M03,2026-06-05 10:00:00,0.4915175249999999,0.5046652
teste,v2,temperatura_+0.4,M08,2026-06-05 12:00:00,0.4997233249999999,0.6264495749999999
teste,v2,temperatura_+0.4,M08,2026-06-05 14:00:00,0.48501401250000004,0.6286314625
teste,v2,temperatura_+0.4,M03,2026-06-05 15:00:00,0.486691275,0.50849985
teste,v2,temperatura_+0.4,M17,2026-06-05 16:00:00,0.4719613250000001,0.5498950625000001
teste,v2,temperatura_+0.4,M17,2026-06-05 19:00:00,0.4732734374999999,0.5897635499999999
teste,v2,temperatura_+0.4,M17,2026-06-05 21:00:00,0.49285074999999995,0.5363685999999999
teste,v2,temperatura_+0.4,M17,2026-06-06 00:00:00,0.4776250374999999,0.5002397999999999
teste,v2,temperatura_+0.4,M25,2026-06-06 00:00:00,0.5949736625000002,0.4742529000000001
teste,v2,temperatura_+0.4,M03,2026-06-06 01:00:00,0.4672066,0.503228025
teste,v2,temperatura_+0.4,M03,2026-06-06 05:00:00,0.494291325,0.5014299999999999
teste,v2,temperatura_+0.4,M03,2026-06-06 08:00:00,0.4923837999999999,0.5342446625
teste,v2,temperatura_+0.4,M03,2026-06-06 09:00:00,0.496422325,0.5398110875
teste,v2,temperatura_+0.4,M02,2026-06-06 10:00:00,0.45547245,0.5453105999999999
teste,v2,temperatura_+0.4,M03,2026-06-06 10:00:00,0.46764632500000003,0.5002443624999999
teste,v2,temperatura_+0.4,M02,2026-06-06 12:00:00,0.3988605125000001,0.5083021875
teste,v2,temperatura_+0.4,M02,2026-06-06 13:00:00,0.4921474499999999,0.5681479374999998
teste,v2,temperatura_+0.4,M10,2026-06-06 13:00:00,0.449514375,0.50441005
teste,v2,temperatura_+0.4,M02,2026-06-06 14:00:00,0.49574792499999987,0.5399635999999997
teste,v2,temperatura_+0.4,M23,2026-06-06 15:00:00,0.499159925,0.5915110124999998
teste,v2,temperatura_+0.4,M02,2026-06-06 16:00:00,0.4707334249999998,0.5538742874999997
teste,v2,temperatura_+0.4,M03,2026-06-06 16:00:00,0.46663748750000006,0.5507060125
teste,v2,temperatura_+0.4,M25,2026-06-06 22:00:00,0.5561698249999999,0.47639958749999983
teste,v2,temperatura_+0.4,M17,2026-06-07 01:00:00,0.39089251249999996,0.5534150375
teste,v2,temperatura_+0.4,M25,2026-06-07 01:00:00,0.5306053000000001,0.44553804999999985
teste,v2,temperatura_+0.4,M03,2026-06-07 02:00:00,0.5064358,0.4460380125
teste,v2,temperatura_+0.4,M21,2026-06-07 02:00:00,0.40785958749999984,0.5066114249999998
teste,v2,temperatura_+0.4,M25,2026-06-07 02:00:00,0.5332355125,0.4786096249999999
teste,v2,temperatura_+0.4,M25,2026-06-07 03:00:00,0.5490055500000001,0.45985767499999997
teste,v2,temperatura_+0.4,M02,2026-06-07 04:00:00,0.45676957500000004,0.5358347000000001
teste,v2,temperatura_+0.4,M03,2026-06-07 04:00:00,0.5101471875,0.4767909125
teste,v2,temperatura_+0.4,M17,2026-06-07 04:00:00,0.376450975,0.5392551499999999
teste,v2,temperatura_+0.4,M17,2026-06-07 05:00:00,0.36822590000000005,0.5211440625
teste,v2,temperatura_+0.4,M03,2026-06-07 06:00:00,0.507574775,0.472107675
teste,v2,temperatura_+0.4,M17,2026-06-07 06:00:00,0.35005125,0.5343533625
teste,v2,temperatura_+0.4,M25,2026-06-07 07:00:00,0.589047175,0.48517595
teste,v2,temperatura_+0.4,M02,2026-06-07 08:00:00,0.40801717500000007,0.5069466499999999
teste,v2,temperatura_+0.4,M23,2026-06-07 08:00:00,0.41259480000000004,0.52126175
teste,v2,temperatura_+0.4,M02,2026-06-07 09:00:00,0.4221730624999999,0.5294022125
teste,v2,temperatura_+0.4,M03,2026-06-07 09:00:00,0.510665175,0.47359828749999994
teste,v2,temperatura_+0.4,M23,2026-06-07 09:00:00,0.37207411249999994,0.5179066125
teste,v2,temperatura_+0.4,M02,2026-06-07 10:00:00,0.44384935,0.5351924874999998
teste,v2,temperatura_+0.4,M23,2026-06-07 10:00:00,0.47442671249999996,0.5176867624999999
teste,v2,temperatura_+0.4,M03,2026-06-07 11:00:00,0.5026816749999998,0.45772123750000004
teste,v2,temperatura_+0.4,M21,2026-06-07 11:00:00,0.46895462499999985,0.5107279124999997
teste,v2,temperatura_+0.4,M02,2026-06-07 12:00:00,0.4815406750000001,0.5825857375000001
teste,v2,temperatura_+0.4,M02,2026-06-07 13:00:00,0.3822483500000001,0.5324161000000001
teste,v2,temperatura_+0.4,M10,2026-06-07 14:00:00,0.49571667500000016,0.5473264125000001
teste,v2,temperatura_+0.4,M19,2026-06-07 15:00:00,0.4670435624999998,0.6025057499999998
teste,v2,temperatura_+0.4,M02,2026-06-07 16:00:00,0.49465916249999997,0.5372692625
teste,v2,temperatura_+0.4,M17,2026-06-07 16:00:00,0.37617778749999997,0.5625709499999998
teste,v2,temperatura_+0.4,M02,2026-06-07 17:00:00,0.4252386375,0.6274141124999999
teste,v2,temperatura_+0.4,M02,2026-06-07 18:00:00,0.4343212125,0.6414189874999999
teste,v2,temperatura_+0.4,M17,2026-06-07 18:00:00,0.41267359999999986,0.5320273749999999
teste,v2,temperatura_+0.4,M19,2026-06-07 18:00:00,0.36568049999999996,0.5371527125
teste,v2,temperatura_+0.4,M23,2026-06-07 19:00:00,0.365043425,0.5864870124999999
teste,v2,temperatura_+0.4,M23,2026-06-07 20:00:00,0.3830634875,0.5579820124999999
teste,v2,temperatura_+0.4,M03,2026-06-07 21:00:00,0.49781636249999994,0.5210923125
teste,v2,temperatura_+0.4,M23,2026-06-07 21:00:00,0.43816077499999995,0.6154196249999999
teste,v2,temperatura_+0.4,M02,2026-06-07 22:00:00,0.46088551249999987,0.5045061499999999
teste,v2,temperatura_+0.4,M23,2026-06-07 22:00:00,0.36153978750000004,0.5238855874999999
teste,v2,temperatura_+0.4,M23,2026-06-07 23:00:00,0.3951677250000001,0.5176669125
producao,v1,temperatura_-0.4,M10,2026-06-08 02:00:00,0.5087660666666668,0.47987330000000006
producao,v1,temperatura_-0.4,M10,2026-06-08 04:00:00,0.58908615,0.4944405333333334
producao,v1,temperatura_-0.4,M15,2026-06-08 13:00:00,0.5354434666666665,0.47742393333333316
producao,v1,temperatura_-0.4,M02,2026-06-08 16:00:00,0.5148392333333336,0.4692717500000001
producao,v1,temperatura_-0.4,M02,2026-06-08 17:00:00,0.5256897166666669,0.4801222333333335
producao,v1,temperatura_-0.4,M19,2026-06-08 17:00:00,0.5079029666666666,0.4779509666666666
producao,v1,temperatura_-0.4,M10,2026-06-08 21:00:00,0.556493766666667,0.46108951666666675
producao,v1,temperatura_-0.4,M05,2026-06-08 22:00:00,0.5058737666666667,0.4915770666666667
producao,v1,temperatura_-0.4,M19,2026-06-09 03:00:00,0.5124683833333331,0.4981314499999999
producao,v1,temperatura_-0.4,M19,2026-06-09 06:00:00,0.5173293499999999,0.4970235499999999
producao,v1,temperatura_-0.4,M19,2026-06-09 11:00:00,0.49326173333333323,0.5260664499999999
producao,v1,temperatura_-0.4,M15,2026-06-09 14:00:00,0.5755406999999998,0.46679751666666663
producao,v1,temperatura_-0.4,M05,2026-06-09 16:00:00,0.5586222666666665,0.4865830666666666
producao,v1,temperatura_-0.4,M05,2026-06-09 22:00:00,0.5001011000000001,0.49712125
producao,v1,temperatura_-0.4,M19,2026-06-09 22:00:00,0.521798,0.45526574999999997
producao,v1,temperatura_-0.4,M19,2026-06-09 23:00:00,0.5448611833333332,0.47274276666666654
producao,v1,temperatura_-0.4,M05,2026-06-10 06:00:00,0.5070115666666667,0.4871793666666667
producao,v1,temperatura_-0.4,M05,2026-06-10 17:00:00,0.5073581166666666,0.4625072
producao,v1,temperatura_-0.4,M19,2026-06-10 18:00:00,0.5494215166666667,0.4731898666666666
producao,v1,temperatura_-0.4,M19,2026-06-10 19:00:00,0.5000985166666665,0.42726505
producao,v1,temperatura_-0.4,M02,2026-06-11 00:00:00,0.5164847666666668,0.4362127000000001
producao,v1,temperatura_-0.4,M19,2026-06-11 05:00:00,0.5500100333333333,0.4637249333333333
producao,v1,temperatura_-0.4,M19,2026-06-11 06:00:00,0.5289013333333333,0.4485646833333333
producao,v1,temperatura_-0.4,M19,2026-06-11 11:00:00,0.5704028999999999,0.48447781666666667
producao,v1,temperatura_-0.4,M15,2026-06-11 13:00:00,0.5114875833333333,0.4648842
producao,v1,temperatura_-0.4,M15,2026-06-11 14:00:00,0.5182554,0.4944592666666666
producao,v1,temperatura_-0.4,M19,2026-06-11 20:00:00,0.5447531999999999,0.45773680000000005
producao,v1,temperatura_-0.4,M19,2026-06-12 01:00:00,0.49732365,0.5045972666666666
producao,v1,temperatura_-0.4,M03,2026-06-12 05:00:00,0.6258779833333333,0.4590343333333334
producao,v1,temperatura_-0.4,M07,2026-06-13 03:00:00,0.5000272,0.41211401666666675
producao,v1,temperatura_-0.4,M07,2026-06-13 09:00:00,0.5270514,0.4411253166666666
producao,v1,temperatura_-0.4,M19,2026-06-13 12:00:00,0.5646065333333332,0.48876039999999993
producao,v1,temperatura_-0.4,M07,2026-06-13 13:00:00,0.5680298333333333,0.4269281
producao,v1,temperatura_-0.4,M16,2026-06-13 23:00:00,0.52701775,0.4492136333333333
producao,v1,temperatura_-0.4,M22,2026-06-13 23:00:00,0.50386685,0.39918073333333326
producao,v1,temperatura_-0.4,M15,2026-06-14 00:00:00,0.5166541833333336,0.4101112166666668
producao,v1,temperatura_-0.4,M07,2026-06-14 03:00:00,0.5479139333333333,0.46830358333333344
producao,v1,temperatura_-0.4,M19,2026-06-14 04:00:00,0.5401912166666667,0.4728591666666666
producao,v1,temperatura_-0.4,M19,2026-06-14 08:00:00,0.5526373,0.4695008666666667
producao,v1,temperatura_-0.4,M07,2026-06-14 09:00:00,0.5281477333333332,0.44018891666666665
producao,v1,temperatura_-0.4,M07,2026-06-14 10:00:00,0.5508484833333334,0.38676594999999997
producao,v1,temperatura_-0.4,M07,2026-06-14 11:00:00,0.5479557833333335,0.4390558
producao,v1,temperatura_-0.4,M07,2026-06-14 12:00:00,0.6126058000000002,0.4928721833333334
producao,v1,temperatura_-0.4,M16,2026-06-14 13:00:00,0.5250699666666667,0.42240393333333326
producao,v1,temperatura_-0.4,M19,2026-06-14 14:00:00,0.5039706,0.4750426
producao,v1,temperatura_-0.4,M07,2026-06-14 23:00:00,0.5534717666666665,0.4210497666666667
producao,v1,temperatura_+0.4,M02,2026-06-08 01:00:00,0.42839525000000006,0.5041031333333332
producao,v1,temperatura_+0.4,M19,2026-06-08 03:00:00,0.44266775,0.5083527000000001
producao,v1,temperatura_+0.4,M19,2026-06-08 05:00:00,0.4499400999999999,0.5375325166666666
producao,v1,temperatura_+0.4,M15,2026-06-08 08:00:00,0.3982265833333333,0.5082437833333333
producao,v1,temperatura_+0.4,M05,2026-06-08 11:00:00,0.49070966666666654,0.6090471166666664
producao,v1,temperatura_+0.4,M19,2026-06-08 15:00:00,0.4977176333333333,0.5458998666666666
producao,v1,temperatura_+0.4,M19,2026-06-08 18:00:00,0.43301171666666666,0.5162761666666665
producao,v1,temperatura_+0.4,M15,2026-06-08 19:00:00,0.4725902833333332,0.5454733499999999
producao,v1,temperatura_+0.4,M10,2026-06-08 20:00:00,0.4609277500000001,0.5069209166666668
producao,v1,temperatura_+0.4,M19,2026-06-08 20:00:00,0.4657565333333334,0.5049665666666667
producao,v1,temperatura_+0.4,M19,2026-06-08 22:00:00,0.4257650333333334,0.5038797833333333
producao,v1,temperatura_+0.4,M05,2026-06-08 23:00:00,0.4722106000000001,0.5168127833333334
producao,v1,temperatura_+0.4,M05,2026-06-09 01:00:00,0.48193146666666664,0.5696277000000001
producao,v1,temperatura_+0.4,M19,2026-06-09 01:00:00,0.48294034999999996,0.5050343333333333
producao,v1,temperatura_+0.4,M19,2026-06-09 02:00:00,0.4976955166666666,0.5052629666666666
producao,v1,temperatura_+0.4,M19,2026-06-09 04:00:00,0.45367814999999995,0.5105757333333333
producao,v1,temperatura_+0.4,M02,2026-06-09 09:00:00,0.49466976666666684,0.5582431833333337
producao,v1,temperatura_+0.4,M05,2026-06-09 09:00:00,0.4859883499999999,0.5294715333333332
producao,v1,temperatura_+0.4,M19,2026-06-09 11:00:00,0.49326173333333323,0.5119600333333333
producao,v1,temperatura_+0.4,M05,2026-06-09 17:00:00,0.47218081666666667,0.5684809499999999
producao,v1,temperatura_+0.4,M21,2026-06-09 17:00:00,0.40093421666666657,0.5376039499999999
producao,v1,temperatura_+0.4,M05,2026-06-09 18:00:00,0.48666686666666664,0.5998471999999997
producao,v1,temperatura_+0.4,M05,2026-06-09 19:00:00,0.43976668333333335,0.5429139000000001
producao,v1,temperatura_+0.4,M19,2026-06-10 01:00:00,0.44916610000000007,0.5105680166666666
producao,v1,temperatura_+0.4,M15,2026-06-10 06:00:00,0.4599739833333333,0.5758854166666665
producao,v1,temperatura_+0.4,M19,2026-06-10 20:00:00,0.4826429,0.5066674
producao,v1,temperatura_+0.4,M15,2026-06-10 22:00:00,0.4986164666666667,0.5115128833333333
producao,v1,temperatura_+0.4,M19,2026-06-10 23:00:00,0.4704848,0.5145376166666666
producao,v1,temperatura_+0.4,M02,2026-06-11 03:00:00,0.44971933333333336,0.7292350499999998
producao,v1,temperatura_+0.4,M15,2026-06-11 08:00:00,0.49341868333333333,0.5322781333333334
producao,v1,temperatura_+0.4,M19,2026-06-11 08:00:00,0.4442602333333333,0.5234017166666667
producao,v1,temperatura_+0.4,M15,2026-06-11 09:00:00,0.4891296666666668,0.5125351000000001
producao,v1,temperatura_+0.4,M15,2026-06-11 10:00:00,0.4768954000000001,0.5261012833333335
producao,v1,temperatura_+0.4,M02,2026-06-11 19:00:00,0.3649070666666667,0.5105002500000001
producao,v1,temperatura_+0.4,M02,2026-06-11 22:00:00,0.4683815666666667,0.548097
producao,v1,temperatura_+0.4,M19,2026-06-12 08:00:00,0.41275080000000003,0.5235464833333332
producao,v1,temperatura_+0.4,M19,2026-06-12 18:00:00,0.4292743,0.5028599499999999
producao,v1,temperatura_+0.4,M07,2026-06-13 01:00:00,0.47948868333333333,0.6038213833333332
producao,v1,temperatura_+0.4,M19,2026-06-13 01:00:00,0.4928433999999999,0.5785549666666666
producao,v1,temperatura_+0.4,M07,2026-06-13 07:00:00,0.4249504833333334,0.5070253
producao,v1,temperatura_+0.4,M13,2026-06-13 07:00:00,0.46343083333333346,0.58213535
producao,v1,temperatura_+0.4,M07,2026-06-13 09:00:00,0.5270514,0.4981057499999999
producao,v1,temperatura_+0.4,M07,2026-06-13 11:00:00,0.39636948333333333,0.5423693166666667
producao,v1,temperatura_+0.4,M07,2026-06-13 12:00:00,0.3799330666666666,0.5083741
producao,v1,temperatura_+0.4,M19,2026-06-13 13:00:00,0.4038983333333333,0.5034950333333332
producao,v1,temperatura_+0.4,M19,2026-06-13 14:00:00,0.39812321666666667,0.5008630833333333
producao,v1,temperatura_+0.4,M15,2026-06-13 20:00:00,0.46703936666666673,0.554395
producao,v1,temperatura_+0.4,M14,2026-06-13 21:00:00,0.49898601666666664,0.6262789666666664
producao,v1,temperatura_+0.4,M14,2026-06-14 00:00:00,0.48029596666666663,0.6283982333333332
producao,v1,temperatura_+0.4,M14,2026-06-14 09:00:00,0.45491418333333333,0.5629636333333333
producao,v1,temperatura_+0.4,M06,2026-06-14 14:00:00,0.4468218499999999,0.5230369666666665
producao,v1,temperatura_+0.4,M22,2026-06-14 15:00:00,0.48612523333333324,0.5362647166666666
producao,v1,temperatura_+0.4,M15,2026-06-14 17:00:00,0.4349616333333335,0.5217683333333335
producao,v1,temperatura_+0.4,M07,2026-06-14 20:00:00,0.48033123333333344,0.5868796500000001
producao,v1,temperatura_+0.4,M16,2026-06-14 21:00:00,0.4235222,0.5005561666666667
producao,v1,temperatura_+0.4,M16,2026-06-14 22:00:00,0.4722828666666666,0.5163722833333333
producao,v2,temperatura_-0.4,M23,2026-06-08 01:00:00,0.5391288875000002,0.4087867375
producao,v2,temperatura_-0.4,M21,2026-06-08 03:00:00,0.5042452249999998,0.4791630374999999
producao,v2,temperatura_-0.4,M18,2026-06-08 04:00:00,0.5616843125000001,0.48042213750000007
producao,v2,temperatura_-0.4,M02,2026-06-08 05:00:00,0.5364084499999999,0.4358111875
producao,v2,temperatura_-0.4,M23,2026-06-08 05:00:00,0.5643308499999999,0.46077260000000014
producao,v2,temperatura_-0.4,M02,2026-06-08 06:00:00,0.5773889874999998,0.4188039375
producao,v2,temperatura_-0.4,M03,2026-06-08 06:00:00,0.49884552499999996,0.5348984124999999
producao,v2,temperatura_-0.4,M25,2026-06-08 07:00:00,0.48622960000000004,0.5125744624999999
producao,v2,temperatura_-0.4,M13,2026-06-08 12:00:00,0.7159139374999997,0.47129303749999985
producao,v2,temperatura_-0.4,M17,2026-06-08 12:00:00,0.5034123125,0.49607039999999997
producao,v2,temperatura_-0.4,M10,2026-06-08 13:00:00,0.5680485875,0.46521754999999987
producao,v2,temperatura_-0.4,M02,2026-06-08 14:00:00,0.6259902999999998,0.48497640000000003
producao,v2,temperatura_-0.4,M02,2026-06-08 15:00:00,0.5575336124999998,0.482933175
producao,v2,temperatura_-0.4,M03,2026-06-08 15:00:00,0.5017422125000002,0.4845570625000001
producao,v2,temperatura_-0.4,M13,2026-06-08 15:00:00,0.6716134874999997,0.4558802749999999
producao,v2,temperatura_-0.4,M03,2026-06-08 16:00:00,0.49765457500000015,0.5139405625000001
producao,v2,temperatura_-0.4,M13,2026-06-08 16:00:00,0.6031855749999998,0.3971803625
producao,v2,temperatura_-0.4,M03,2026-06-08 17:00:00,0.48283256250000023,0.5141761000000002
producao,v2,temperatura_-0.4,M03,2026-06-08 19:00:00,0.49337353749999996,0.5516852499999998
producao,v2,temperatura_-0.4,M25,2026-06-08 22:00:00,0.48189265000000014,0.5126901
producao,v2,temperatura_-0.4,M23,2026-06-09 00:00:00,0.5856115625,0.47976597499999996
producao,v2,temperatura_-0.4,M25,2026-06-09 00:00:00,0.529550725,0.49879102500000005
producao,v2,temperatura_-0.4,M13,2026-06-09 01:00:00,0.5384732624999999,0.4442358250000001
producao,v2,temperatura_-0.4,M10,2026-06-09 04:00:00,0.5114110124999999,0.43594019999999994
producao,v2,temperatura_-0.4,M10,2026-06-09 05:00:00,0.5681761124999999,0.4891017000000001
producao,v2,temperatura_-0.4,M25,2026-06-09 06:00:00,0.535293125,0.49524742499999996
producao,v2,temperatura_-0.4,M10,2026-06-09 07:00:00,0.5640969000000001,0.4809689125000001
producao,v2,temperatura_-0.4,M23,2026-06-09 08:00:00,0.5076176374999999,0.4711258999999998
producao,v2,temperatura_-0.4,M13,2026-06-09 09:00:00,0.5517345375,0.42066683750000006
producao,v2,temperatura_-0.4,M10,2026-06-09 10:00:00,0.5753536625000001,0.44050481249999995
producao,v2,temperatura_-0.4,M13,2026-06-09 10:00:00,0.6802085625,0.4294212125
producao,v2,temperatura_-0.4,M10,2026-06-09 13:00:00,0.5022037625,0.4023285499999999
producao,v2,temperatura_-0.4,M13,2026-06-09 14:00:00,0.566716225,0.4831438875
producao,v2,temperatura_-0.4,M21,2026-06-09 16:00:00,0.5181115625,0.46867554999999994
producao,v2,temperatura_-0.4,M10,2026-06-09 18:00:00,0.5003821624999999,0.49972742499999995
producao,v2,temperatura_-0.4,M10,2026-06-09 20:00:00,0.5203463125000001,0.4803049125
producao,v2,temperatura_-0.4,M25,2026-06-09 20:00:00,0.5142840875000001,0.4844235625000001
producao,v2,temperatura_-0.4,M02,2026-06-09 21:00:00,0.5289965374999999,0.4906442749999999
producao,v2,temperatura_-0.4,M05,2026-06-10 01:00:00,0.5176116375000002,0.39019348750000005
producao,v2,temperatura_-0.4,M13,2026-06-10 03:00:00,0.6272937874999999,0.43516356249999993
producao,v2,temperatura_-0.4,M05,2026-06-10 04:00:00,0.5533685000000002,0.420536675
producao,v2,temperatura_-0.4,M13,2026-06-10 04:00:00,0.6484100499999997,0.473364
producao,v2,temperatura_-0.4,M10,2026-06-10 05:00:00,0.500315275,0.49552584999999993
producao,v2,temperatura_-0.4,M10,2026-06-10 06:00:00,0.523918875,0.44198732500000004
producao,v2,temperatura_-0.4,M10,2026-06-10 07:00:00,0.49456760000000005,0.5006991500000002
producao,v2,temperatura_-0.4,M13,2026-06-10 10:00:00,0.6986113374999998,0.4362527125000001
producao,v2,temperatura_-0.4,M13,2026-06-10 11:00:00,0.5247119000000001,0.47987436250000004
producao,v2,temperatura_-0.4,M13,2026-06-10 15:00:00,0.7738606499999998,0.48902066249999987
producao,v2,temperatura_-0.4,M05,2026-06-10 18:00:00,0.5260669749999999,0.4348903249999999
producao,v2,temperatura_-0.4,M05,2026-06-10 20:00:00,0.5197162374999998,0.4844684375
producao,v2,temperatura_-0.4,M15,2026-06-10 20:00:00,0.5978381625000001,0.48272603750000026
producao,v2,temperatura_-0.4,M02,2026-06-10 23:00:00,0.5473330375,0.4705263499999999
producao,v2,temperatura_-0.4,M03,2026-06-11 06:00:00,0.5701182625000002,0.4892356250000002
producao,v2,temperatura_-0.4,M13,2026-06-11 10:00:00,0.7167655749999998,0.49276444999999985
producao,v2,temperatura_-0.4,M13,2026-06-11 11:00:00,0.5366042000000002,0.49643665000000015
producao,v2,temperatura_-0.4,M10,2026-06-11 23:00:00,0.5103572874999999,0.46643103749999976
producao,v2,temperatura_-0.4,M15,2026-06-11 23:00:00,0.5354846624999999,0.4141981250000001
producao,v2,temperatura_-0.4,M15,2026-06-12 00:00:00,0.52164605,0.4226664000000002
producao,v2,temperatura_-0.4,M15,2026-06-12 02:00:00,0.541955275,0.42768692500000005
producao,v2,temperatura_-0.4,M02,2026-06-12 03:00:00,0.5284405875,0.49068278749999994
producao,v2,temperatura_-0.4,M15,2026-06-12 03:00:00,0.532246175,0.48790780000000006
producao,v2,temperatura_-0.4,M10,2026-06-12 09:00:00,0.5073647749999999,0.48993118749999987
producao,v2,temperatura_-0.4,M15,2026-06-12 21:00:00,0.50292925,0.47811367500000007
producao,v2,temperatura_-0.4,M19,2026-06-12 22:00:00,0.5239595,0.49695096250000015
producao,v2,temperatura_-0.4,M15,2026-06-13 00:00:00,0.5216703125,0.4748250125000001
producao,v2,temperatura_-0.4,M10,2026-06-13 03:00:00,0.5172809499999999,0.4859777875000001
producao,v2,temperatura_-0.4,M10,2026-06-13 04:00:00,0.5011044874999999,0.45631464999999993
producao,v2,temperatura_-0.4,M15,2026-06-13 05:00:00,0.5458343750000001,0.46151888750000003
producao,v2,temperatura_-0.4,M15,2026-06-13 16:00:00,0.528399225,0.46461493749999994
producao,v2,temperatura_-0.4,M19,2026-06-13 16:00:00,0.5125278750000001,0.49223397500000016
producao,v2,temperatura_-0.4,M07,2026-06-13 21:00:00,0.544112375,0.4625513625
producao,v2,temperatura_-0.4,M19,2026-06-14 01:00:00,0.5175261375000001,0.4596836500000001
producao,v2,temperatura_-0.4,M19,2026-06-14 17:00:00,0.5001088625000001,0.4894171000000001
producao,v2,temperatura_-0.4,M07,2026-06-14 21:00:00,0.509819225,0.40168235
producao,v2,temperatura_-0.4,M19,2026-06-14 23:00:00,0.5233995874999999,0.49000554999999996
producao,v2,temperatura_+0.4,M21,2026-06-08 01:00:00,0.45324051249999986,0.5346657374999998
producao,v2,temperatura_+0.4,M23,2026-06-08 03:00:00,0.43600079999999997,0.569795825
producao,v2,temperatura_+0.4,M03,2026-06-08 06:00:00,0.49884552499999996,0.5088799249999999
producao,v2,temperatura_+0.4,M23,2026-06-08 06:00:00,0.4683190250000001,0.576600325
producao,v2,temperatura_+0.4,M17,2026-06-08 07:00:00,0.48596255000000016,0.5323567625
producao,v2,temperatura_+0.4,M25,2026-06-08 07:00:00,0.48622960000000004,0.5124294249999999
producao,v2,temperatura_+0.4,M03,2026-06-08 09:00:00,0.4890429375,0.5259124999999999
producao,v2,temperatura_+0.4,M17,2026-06-08 09:00:00,0.43905076249999997,0.5860129
producao,v2,temperatura_+0.4,M17,2026-06-08 10:00:00,0.4760027375000001,0.5016899374999999
producao,v2,temperatura_+0.4,M13,2026-06-08 11:00:00,0.4734080625,0.5150078625000001
producao,v2,temperatura_+0.4,M23,2026-06-08 11:00:00,0.47154466250000004,0.5597911
producao,v2,temperatura_+0.4,M03,2026-06-08 12:00:00,0.49338423749999993,0.517303275
producao,v2,temperatura_+0.4,M19,2026-06-08 12:00:00,0.4747288124999999,0.533622375
producao,v2,temperatura_+0.4,M03,2026-06-08 14:00:00,0.48535182499999996,0.5108557499999999
producao,v2,temperatura_+0.4,M13,2026-06-08 14:00:00,0.4997939124999998,0.7506595499999997
producao,v2,temperatura_+0.4,M02,2026-06-08 16:00:00,0.49746827499999996,0.5003091874999999
producao,v2,temperatura_+0.4,M03,2026-06-08 16:00:00,0.49765457500000015,0.5028805625
producao,v2,temperatura_+0.4,M03,2026-06-08 17:00:00,0.48283256250000023,0.5025702375
producao,v2,temperatura_+0.4,M02,2026-06-08 18:00:00,0.4616187375,0.5332209374999998
producao,v2,temperatura_+0.4,M13,2026-06-08 18:00:00,0.4155621625,0.5037537375000001
producao,v2,temperatura_+0.4,M03,2026-06-08 19:00:00,0.49337353749999996,0.5512463874999997
producao,v2,temperatura_+0.4,M13,2026-06-08 19:00:00,0.43924343749999994,0.5397612375000002
producao,v2,temperatura_+0.4,M25,2026-06-08 22:00:00,0.48189265000000014,0.5378727375000001
producao,v2,temperatura_+0.4,M21,2026-06-09 01:00:00,0.45952326250000003,0.5077505625000001
producao,v2,temperatura_+0.4,M21,2026-06-09 03:00:00,0.48349893749999995,0.5109276875
producao,v2,temperatura_+0.4,M21,2026-06-09 05:00:00,0.4715972,0.5056117125000001
producao,v2,temperatura_+0.4,M23,2026-06-09 05:00:00,0.46590325000000005,0.5016571625000001
producao,v2,temperatura_+0.4,M10,2026-06-09 06:00:00,0.4950746125,0.5466406125
producao,v2,temperatura_+0.4,M23,2026-06-09 06:00:00,0.4325666375000001,0.5366631375000002
producao,v2,temperatura_+0.4,M21,2026-06-09 09:00:00,0.4563795249999999,0.5073104749999999
producao,v2,temperatura_+0.4,M10,2026-06-09 14:00:00,0.48182305000000014,0.5003285375
producao,v2,temperatura_+0.4,M10,2026-06-09 16:00:00,0.4606106500000002,0.5141974250000001
producao,v2,temperatura_+0.4,M25,2026-06-09 17:00:00,0.4856131625000001,0.5223265500000001
producao,v2,temperatura_+0.4,M23,2026-06-09 20:00:00,0.4891434499999999,0.5228580374999998
producao,v2,temperatura_+0.4,M10,2026-06-09 23:00:00,0.5158611000000001,0.4991655500000001
producao,v2,temperatura_+0.4,M23,2026-06-09 23:00:00,0.4977474,0.5090975249999999
producao,v2,temperatura_+0.4,M05,2026-06-10 02:00:00,0.4388456250000001,0.5455932375000002
producao,v2,temperatura_+0.4,M23,2026-06-10 13:00:00,0.4978990124999999,0.5342212749999999
producao,v2,temperatura_+0.4,M13,2026-06-10 14:00:00,0.47409666250000015,0.512554075
producao,v2,temperatura_+0.4,M05,2026-06-10 19:00:00,0.45028703750000015,0.5711846500000001
producao,v2,temperatura_+0.4,M10,2026-06-10 19:00:00,0.4577211250000001,0.5069815125
producao,v2,temperatura_+0.4,M10,2026-06-10 21:00:00,0.4425964375000001,0.5002096875
producao,v2,temperatura_+0.4,M02,2026-06-11 03:00:00,0.38100809999999996,0.5206960875
producao,v2,temperatura_+0.4,M10,2026-06-11 06:00:00,0.41504569999999996,0.5045640499999999
producao,v2,temperatura_+0.4,M13,2026-06-11 18:00:00,0.48895565,0.7492556499999999
producao,v2,temperatura_+0.4,M10,2026-06-12 01:00:00,0.48251933750000003,0.555723725
producao,v2,temperatura_+0.4,M10,2026-06-12 18:00:00,0.4654036125,0.51899845
producao,v2,temperatura_+0.4,M15,2026-06-13 12:00:00,0.4413874000000001,0.6288314625000002
producao,v2,temperatura_+0.4,M15,2026-06-14 16:00:00,0.4944828125,0.5068817125
producao,v2,temperatura_+0.4,M07,2026-06-14 22:00:00,0.49085241250000006,0.50957165
